time,current,voltage,temperature
0.0,-0.004394552096387694,3.397180699207549,32.0699320429818
2.5000000000000036,-3.4889576433629683,3.0848317935933975,32.0573063199262
5.452999999999999,1.5140514592204084,3.503018882966245,32.076511477048484
8.312000000000001,1.513768415142679,3.5222828798628316,32.069787082243764
11.156000000000002,1.5139835513571862,3.5351792063488205,32.046562602673184
14.000000000000004,1.5128501851426024,3.546092222600822,32.00571739828801
16.875000000000004,1.5126460672996627,3.556020956847153,31.962712783728087
19.765000000000004,1.5147586228313992,3.565051568501293,31.92515770940695
22.656000000000002,1.5121985371965323,3.573421245936273,31.891853086698696
25.531000000000002,1.5138639610637412,3.5815409474820674,31.852476224855177
28.422,1.5130797074915494,3.5889760042526966,31.81220706758399
31.297,1.5119475800239377,3.596552178627932,31.777399341249634
34.156,1.5149683683155468,3.6036867781088193,31.7448381057642
37.047,1.5098460683659183,3.6104388491664827,31.68968418370101
39.937,1.5124259792176018,3.6167133128319033,31.672955866903287
42.812,1.5138676772281385,3.6230315955027264,31.63547634778516
45.672,1.5142015392003376,3.629071404664771,31.605436767896904
48.531000000000006,1.513519196711702,3.634747065903823,31.56693268031812
51.406000000000006,1.5165635109297395,3.6404963473340417,31.532293994668052
54.281000000000006,1.5142913536207254,3.6459124248546466,31.50562838654061
57.14,1.514129089764672,3.651245115867067,31.459010541460298
60.015,1.5122223552526055,3.656409669743076,31.427842298158946
62.922,1.513066964658767,3.6613832456953554,31.399577884607325
65.812,1.5113217531736793,3.666317653570743,31.363766255151035
68.765,1.5135072190175738,3.6714062163007757,31.330940689101183
71.687,1.5144353174790284,3.676080000358498,31.309042062205144
74.609,1.5134028614622388,3.6806922237626165,31.27445496806771
77.5,1.513798179247512,3.6845737967320615,31.23395121791884
80.39,1.5141709512961132,3.689003371751069,31.206589802593516
83.375,1.5131669113971005,3.6935933969292076,31.172892081007937
86.297,1.5127103976017546,3.697871634018403,31.14952285210021
89.203,1.5121754791782356,3.7018425908188144,31.11435593533137
92.203,1.5122878517024654,3.705963137039292,31.07803460975976
95.14,1.51309689323762,3.7095496086306903,31.041319007544033
98.093,1.513029929170095,3.7134096217722052,31.004609163681536
101.015,1.5124878297099809,3.717326142021751,30.983681769863132
104.047,1.513123707742974,3.7209838028683637,30.94603248495149
107.0,1.5158859752502005,3.7246002783573013,30.91715660030631
110.015,1.5146458787429797,3.728304830938197,30.883261671107192
112.98400000000001,1.5159124359453031,3.731752212473856,30.849499742834993
116.0,1.512030766422208,3.7348978816774117,30.82293629321722
118.98400000000001,1.5104464753352471,3.7381586903317134,30.799664154962613
122.047,1.5115152080214218,3.741829597595772,30.77031361579996
125.047,1.5139469542420387,3.7451815942623816,30.74068881123058
128.078,1.513499491742386,3.748398083068314,30.702751160851587
131.078,1.5142595632997558,3.7513118299326083,30.672628868259057
134.125,1.5133286802034387,3.754262680378666,30.63902390943834
137.125,1.5117887903975415,3.7574073490084525,30.617703384958958
140.156,1.514053339816003,3.760274903301826,30.584992272055196
143.156,1.5115655249330757,3.7631807510829445,30.561170359024764
146.187,1.5123713512629509,3.7660014619359656,30.525937691504954
149.25,1.5128772624966005,3.7690614103303255,30.49731295606002
152.297,1.5110597165503752,3.771365704283458,30.470673957307692
155.343,1.51284721575971,3.774539325713557,30.4428446127812
158.375,1.513659063480887,3.776978442196818,30.409162659930814
161.453,1.512900617679055,3.779507358623191,30.383085058373297
164.484,1.5157378418777296,3.782266946353864,30.351952496601164
167.562,1.5123450305012618,3.784776552310787,30.326610305957004
170.656,1.5116631439090882,3.787290277531142,30.29665719924976
173.781,1.5102724915474577,3.789744097308811,30.266753010017716
176.875,1.5158705456379435,3.7918656777789286,30.235687779654533
179.984,1.5117136099344757,3.79448785088804,30.201647793636663
183.078,1.5133257473515063,3.79647691050346,30.175047099935995
186.172,1.5121885318632127,3.7990634925333,30.1537001294222
189.312,1.5117454609685907,3.801110178612638,30.124311221947334
192.468,1.5128432700060404,3.803026130967923,30.086961713082008
195.64000000000001,1.5085624235128192,3.8050451942607597,30.064819813442618
198.828,1.5124306295012846,3.807014910071954,30.037497481998052
202.01500000000001,1.5124018491914792,3.8089322123394616,30.013451648459178
205.172,1.5116588395756032,3.810774341119081,29.98718356896007
208.328,1.5134923610917101,3.812636220001794,29.96041402148551
211.484,1.5134253719427124,3.8142691243670033,29.932076100657095
214.672,1.5144932941206442,3.815800939842312,29.90391425165163
217.843,1.511344538957026,3.81722854304441,29.891545522596125
221.0,1.5150643750558173,3.81854337213911,29.85359669510641
224.187,1.5127152621354802,3.8200068408594543,29.829244332122453
227.375,1.5160743520739248,3.8212638817189615,29.807090874902187
230.593,1.5106764266381354,3.822516387103077,29.79756675452047
233.812,1.512354416317482,3.823744314810752,29.767058292676175
237.109,1.5124098731521058,3.8247262270010363,29.749828390421275
240.343,1.5138289079242098,3.8256282779346646,29.71441182310217
243.578,1.512675607119301,3.826591246491061,29.69338343320715
246.875,1.5124883266090594,3.8275580790513666,29.671920420674557
250.156,1.5127236633153487,3.8285571693085334,29.64663805593959
253.406,1.5119808836666662,3.8294805512484364,29.616886634887532
256.703,1.5122592907918013,3.830114084746378,29.599158492398214
259.984,1.5120600746551862,3.8308695327379714,29.574742053353653
263.422,1.5148434346978954,3.8314684006645185,29.548822547863704
266.75,1.514161212906999,3.832143006625479,29.53262550154673
270.093,1.5143551635928374,3.8327778818024005,29.50445263021927
273.422,1.5142247069718682,3.8334893827735286,29.491330336146056
276.781,1.513951627114656,3.8343288122203147,29.461656748851993
280.156,1.5129085030969753,3.8349258937253152,29.437118202694055
283.531,1.5081597521102412,3.8358502194787008,29.42026960260204
286.906,1.510341081378169,3.836495040739548,29.39239895803161
290.297,1.5148983655910921,3.8370496279514983,29.373251609652343
293.734,1.5125381190767286,3.8373752756447934,29.34889420846935
297.14,1.5143886746867543,3.8381669492356485,29.3219842206373
300.562,1.5147400321443645,3.838684633684457,29.30517433751298
303.984,1.512446958166888,3.8395874675851744,29.29413953054112
307.39,1.5134827235109614,3.840136443522796,29.279718952654097
310.812,1.512329288395202,3.8407447585263443,29.254877818135487
314.281,1.510506186082977,3.841591907515007,29.24062998342076
317.734,1.5137928799609208,3.842220339997161,29.22362388219785
321.187,1.5149308610797942,3.842963491201381,29.2009615001203
324.656,1.516237793113454,3.8439035132434802,29.178841254867635
328.156,1.5129403033467632,3.8440856842561306,29.16045141953165
331.64,1.512032507562246,3.844899091453677,29.139659576674994
335.14,1.5115249541697504,3.845677939192801,29.12368452270034
338.656,1.5131369891536472,3.846474299025216,29.09378592241771
342.203,1.5134962125729678,3.8470925448287483,29.083667822222086
345.812,1.512193926152991,3.8480105366001767,29.063834686235772
349.343,1.5149075116538795,3.848554937811989,29.052025360161092
352.906,1.5136394016615202,3.8491117836466273,29.034369357307973
356.547,1.5131819471574766,3.8500467395232647,29.012802703524205
360.172,1.5136042385313897,3.8507390672245885,28.99018605709074
363.765,1.5138200293511472,3.8517058671212268,28.968403544570116
367.375,1.5142089409267556,3.8521706223564816,28.95091552677928
371.0,1.513016139102598,3.8530997220560823,28.932974071905765
374.64,1.5096685593260746,3.8536954709859463,28.920462140024693
378.265,1.5158657450955069,3.8544436958965704,28.90470504217038
381.922,1.5134017001196653,3.855414548214487,28.882758538914082
385.64,1.515080292849048,3.856094193907888,28.872682706182143
389.312,1.511802563254596,3.856522238483745,28.85165441372875
393.015,1.5140924614869606,3.857524716703884,28.831460524727934
396.718,1.5129574662824934,3.8581302211432185,28.826110264908824
400.5,1.5146059436957637,3.8587117313221335,28.80335490307169
404.25,1.5115119817603644,3.8597717418079247,28.777424333757786
408.015,1.5128227674288715,3.860617947774019,28.763416665503467
411.859,1.5126840454497978,3.8614972605253532,28.754985298373654
415.64,1.5125520762954703,3.8620800619115205,28.733568073367255
419.437,1.513762351317346,3.8629946152339247,28.72663886509554
423.218,1.5143478158057733,3.863547294130014,28.698956190532414
427.031,1.5102946522403957,3.8645613218840604,28.687025106290122
430.875,1.5153356476319273,3.8651127305952797,28.663120148931146
434.765,1.5132437520365998,3.8659805378657195,28.65525636655105
438.625,1.5129562451589496,3.866787293298344,28.639095804628763
442.468,1.5139571126626494,3.8673105027005428,28.622825013060798
446.422,1.5129409963504705,3.8680296353136154,28.604857398550163
450.328,1.5123605765063761,3.8686984552385866,28.58358238543511
454.297,1.512214340239299,3.869700464958097,28.571872436403954
458.218,1.5138391930478168,3.8703288105386093,28.55194816094223
462.172,1.509682309201068,3.871328482498183,28.534607917612895
466.109,1.5144190518754386,3.8720778564954155,28.515959530910717
470.078,1.5122423829753537,3.872691759613201,28.50893598608287
474.093,1.5142048118964753,3.873252192343747,28.491660648756667
478.109,1.5126609201748091,3.874439102402646,28.47725270370434
482.14,1.51147689565343,3.8748977861026317,28.466336561974448
486.218,1.5112540987095575,3.8758114258912104,28.45210267906458
490.297,1.5117345344418096,3.876712931183292,28.431996656432347
494.406,1.5133621085482563,3.8774544015607484,28.41594809949085
498.515,1.513221305986598,3.877936353623939,28.400524544872507
502.593,1.5147774244593073,3.8787058820943625,28.390249600800537
506.703,1.513019290345429,3.8795802159496606,28.376970246207854
510.781,1.513780250269792,3.8802444929905553,28.360728829739212
514.875,1.5151050743867944,3.8809224953604184,28.33845449426634
519.0,1.5125099183837538,3.881680182401995,28.328868552272564
523.14,1.5117664163535358,3.8824803141263926,28.307908563825173
527.343,1.513180580620339,3.883276856308283,28.296341799017974
531.578,1.5126316224093956,3.884428764037229,28.28051962596816
535.75,1.5148550986294256,3.8851750169197072,28.276182561362393
540.015,1.5169836262089154,3.8855680073090166,28.258780213137225
544.218,1.5156390401709776,3.8864564990643964,28.241501452698955
548.484,1.517206708461792,3.8871024560300667,28.231375113586868
552.734,1.5098820704500462,3.88776159411712,28.219619650840578
557.015,1.5112568838381952,3.8888598377864954,28.19823983703221
561.343,1.5133875431416328,3.8895869931289573,28.18718924785941
565.64,1.512361318405181,3.8899376553007636,28.166941304254635
569.984,1.5134487716066711,3.8908687008698237,28.16504631490816
574.343,1.5157552912380539,3.8916446915628797,28.146720661635488
578.718,1.5108087554691823,3.8923573056993637,28.127598223600017
583.078,1.5136196454010618,3.8930352055303628,28.12226992781931
587.468,1.5123088581233095,3.894013448674658,28.111261152109705
591.875,1.5146808611479434,3.8943959264275083,28.089681969709908
596.312,1.5136823084326478,3.895158928189585,28.08645529840898
600.812,1.5140302068805096,3.896010782687457,28.07584951613168
605.265,1.513157281275983,3.8968308166220185,28.048838875586984
609.718,1.5128315459043487,3.8977907907639215,28.044341802344885
614.203,1.5137640641703873,3.8983502213957593,28.028299394657537
618.75,1.5129172369624093,3.8989351226130724,28.021423997457344
623.25,1.513494630121045,3.899912446510008,28.008493767064305
627.843,1.5127915633259439,3.9004870462498356,28.00260089746763
632.39,1.5105938892233675,3.9012352456203563,27.989747229475906
636.984,1.5128931868826683,3.9019126922063956,27.97055715309341
641.547,1.5122067511019583,3.902774515123328,27.95955955768679
646.172,1.5134160674210504,3.9034272680248474,27.940339028821665
650.828,1.51461246059508,3.904015361399434,27.928968755172964
655.5,1.5141698195639666,3.904971972955058,27.915369193376637
660.172,1.51437393077794,3.9056591723702287,27.90568518650771
664.875,1.5126682565873826,3.9063852111446113,27.88998172378975
669.593,1.513410289891885,3.9070568305422406,27.87858972023408
674.359,1.51607142221726,3.90760668599291,27.86719757137503
679.093,1.511536605990342,3.908638360434042,27.86239758132401
683.937,1.5171604964987897,3.9092237773258742,27.832612885041865
688.718,1.5152697861370135,3.9101340136621068,27.82653508986151
693.515,1.5113881718719064,3.9106701515256947,27.81777875530148
698.328,1.514516332215696,3.9112663573198816,27.803687089384585
703.156,1.514185127573643,3.9120296911414765,27.798678929031322
708.015,1.5144041834720712,3.912874972151014,27.782633616998556
712.859,1.5127719816410647,3.91355812395496,27.76727036397162
717.765,1.513189776952558,3.913966337486551,27.76034703843284
722.718,1.512648059707175,3.914993022705364,27.75218428805018
727.64,1.5121270871686925,3.9155204287697907,27.731477707592823
732.593,1.5112709171657295,3.9161819037567547,27.71993719542361
737.578,1.5111509624118764,3.9168607077303284,27.707274961461174
742.562,1.5123481043357256,3.917774510641573,27.69061652354073
747.562,1.5135480738900886,3.9182508349636547,27.681396046045553
752.578,1.5104175014762293,3.919110381626318,27.665144144419802
757.625,1.5161709669238026,3.9194948917154804,27.657254619333614
762.703,1.5145249097845281,3.9200945412807533,27.64757283369262
767.781,1.5114116032075027,3.9210884966013846,27.630338756378723
772.937,1.5135870523714858,3.9210615026002684,27.617649634210725
778.047,1.5132625466688325,3.922251023283542,27.60596006869402
783.25,1.5123335048168902,3.9228293132532146,27.586637294096708
788.406,1.5099408789055475,3.923195063410756,27.57849021882899
793.625,1.5143876865822101,3.9242543677415926,27.569559713606218
798.812,1.514081101181297,3.9245082447729627,27.55023834456942
804.047,1.51355429008861,3.925286132741415,27.545644838174912
809.328,1.5150288589227943,3.9258671170993176,27.535892090641084
814.64,1.5111081683380503,3.926563689025188,27.52931979473447
819.968,1.511568132590455,3.927108788940816,27.50814563489329
825.297,1.5156407421611182,3.927549408327505,27.505746404782375
830.687,1.512080987422999,3.9282453876123924,27.495330756252176
836.031,1.5105826125578168,3.928786450320266,27.47727657037788
841.39,1.512209473284458,3.9292482474479393,27.467580048332778
846.75,1.5132099095722766,3.929834898156227,27.46091431389063
852.187,1.5129856051903303,3.9304840815708992,27.444509782070597
857.672,1.5152910860812092,3.930885158032036,27.43848253319033
863.156,1.5111609351791186,3.931963929070358,27.413240408158646
868.687,1.5147999398248049,3.9323865743876505,27.421903845500303
874.234,1.5104590508114584,3.9331326017393624,27.403581995919062
879.75,1.5100612923969734,3.9335944330688024,27.399180514738443
885.328,1.5127211171123394,3.934044297615803,27.37738187955587
890.937,1.5134607711532173,3.9343475344257888,27.365002251581707
896.531,1.5129927021509646,3.935209704437168,27.348411529332967
902.187,1.5155088628111901,3.9353947444842485,27.351400660980435
907.828,1.5143833443501877,3.935940231622808,27.344993971545335
913.468,1.5139360360210954,3.936339657796532,27.337865351308466
919.14,1.5158606558232885,3.9371110603116675,27.324131680193453
924.812,1.5144578753691162,3.9375260683357403,27.31548476696703
930.562,1.5110247022140728,3.9378044816837705,27.31337745515108
936.375,1.514847218700844,3.9383962136100674,27.300766175443645
942.14,1.5115152058585226,3.938947242000764,27.28528306595407
947.968,1.513950084964812,3.939447317004488,27.273067817833994
953.781,1.5154956945773648,3.9399618857471785,27.258921564024444
959.656,1.5125291533034988,3.9403465898213565,27.262954962740118
965.578,1.5136627648325314,3.9409522867989564,27.26272703469861
971.515,1.5131479631345357,3.941485613880049,27.25307646945578
977.468,1.5141821128378097,3.9422284505970597,27.23491314154102
983.422,1.5106102315290155,3.942682482478556,27.232692731492097
989.422,1.513769649404627,3.9428917213088615,27.226176303712126
995.406,1.5098376249340497,3.9433713440766573,27.206709799857382
1001.468,1.5148244024874482,3.9439858162646346,27.204739304519904
1007.484,1.5130361796337721,3.9445425535522234,27.193393610772443
1013.547,1.5110968955806194,3.9449956661301955,27.198913682695657
1019.687,1.513764484057946,3.945586044281555,27.185175367840902
1025.75,1.5160608583518769,3.946229460505965,27.17490904155032
1031.89,1.5149191307208285,3.9467272289734456,27.171347960480013
1038.015,1.513551202953862,3.9469528965848704,27.174675936821284
1044.187,1.5185480415776587,3.947558287085446,27.154631622635044
1050.406,1.5132302827142203,3.947881548652786,27.1495569191556
1056.656,1.5119176742002576,3.9483561020154294,27.144881610413137
1062.922,1.511504077289699,3.9488847518757044,27.134118667682486
1069.172,1.5145932957988593,3.9497059384024022,27.11277418812275
1075.468,1.5138427463934225,3.9498156280789027,27.111943517264397
1081.765,1.517165913150055,3.95061563090339,27.116198053942284
1088.093,1.5111731365608276,3.9511414633052353,27.107489578336402
1094.453,1.5133519018661328,3.951511301688342,27.097595126191734
1100.859,1.5093181404293647,3.952034375983366,27.09924008146105
1107.312,1.5113599706072518,3.9524454511200053,27.089378669294437
1113.843,1.5127380042114198,3.9529775593610754,27.075838199201733
1120.343,1.5138383210342257,3.953541404007349,27.078547178586295
1126.875,1.5142796962722782,3.954136405165536,27.07004626339101
1133.39,1.5135491882000895,3.95446539607049,27.071871069646875
1139.953,1.512177671902288,3.9552671890467095,27.054944032910633
1146.515,1.5144699656937104,3.9556631525832495,27.054980249573124
1153.125,1.5134934843346717,3.9562353668226113,27.040973140437334
1159.734,1.5126911355924122,3.9567214294301736,27.043859930263668
1166.39,1.5128218594132652,3.957473308904373,27.031880695358826
1173.125,1.5137562876049278,3.9578095933480895,27.02270759595578
1179.828,1.5147681550405858,3.958573125538164,27.021094199197645
1186.593,1.5142925487455363,3.9589517017597955,27.01324731462315
1193.328,1.5094494405820074,3.959963395383242,27.006999865586486
1200.093,1.5112630742176014,3.960312187356493,27.004056870722565
1206.922,1.513166344575489,3.9610118035288466,27.00364060884257
1213.797,1.5177784413382027,3.961489221773296,27.005180718412532
1220.672,1.509475227825815,3.961900337170168,27.00152972761388
1227.593,1.5124918802584475,3.962615208450879,26.996588989994017
1234.609,1.5162793116270081,3.9634005720495846,26.993231944838183
1241.609,1.511879804923315,3.9636146130701597,26.997249235996865
1248.562,1.5117356990409483,3.9644764704321185,26.989262770203645
1255.578,1.5152826214210386,3.9649540276444752,26.986250291814116
1262.593,1.5126328213460007,3.9656319448183575,26.977610308435846
1269.64,1.5137479851237263,3.966113658445102,26.976295120298413
1276.687,1.5145548363674024,3.9670000527111906,26.973511860508026
1283.812,1.5135727266491237,3.967334621527914,26.976157067140722
1290.953,1.515383040687089,3.9683634397643157,26.959053444523928
1298.125,1.5080292730577036,3.968817384598341,26.960345469470877
1305.312,1.5149618344861275,3.9690664665892257,26.966777845145252
1312.531,1.5120327969917895,3.970037643008552,26.955702940659624
1319.765,1.5090354095657756,3.970161934251755,26.95762699066891
1327.047,1.514634635106148,3.9710537552463676,26.95813467995705
1334.39,1.5143168416878015,3.971673798926209,26.950098671942815
1341.734,1.5121900376754407,3.9724467376311297,26.946110040698372
1349.14,1.512899432125821,3.97283954187527,26.964514237355022
1356.531,1.5146474798123897,3.973529382469497,26.9583696986575
1363.968,1.5126705209045614,3.974158150429451,26.941353625178
1371.406,1.5120472616260028,3.9747309866367826,26.942943190056365
1378.859,1.5125383740132978,3.9751506299994848,26.945934857122797
1386.39,1.5122357527728902,3.9758699592721536,26.948521769741614
1393.922,1.5129123767921742,3.9763431834994267,26.948413661628347
1401.484,1.5149787544845643,3.977046491298299,26.948320856356514
1409.0,1.5101693025236675,3.9775396582888636,26.938163346148997
1416.609,1.5157580058747164,3.9785243427375807,26.94242601234093
1424.265,1.5180010290595547,3.9791647953791545,26.940691804737263
1431.984,1.5143027137541916,3.9797774162137687,26.94601061141336
1439.687,1.5126185430085455,3.9802510153296016,26.945480480047898
1447.328,1.5121125133359896,3.9810060039108954,26.944732775408834
1455.047,1.5149563374355697,3.981529205322458,26.951735460386214
1462.75,1.5130120416867838,3.982323384745581,26.94541391368281
1470.5,1.5111543223096788,3.9827733086187465,26.94860026697275
1478.343,1.5119816998445064,3.98348576616151,26.95301792173095
1486.187,1.5125824014322438,3.984201345818674,26.944444985135227
1494.078,1.5131276825031366,3.9846916116471958,26.944656085188083
1502.062,1.512451509411854,3.9855296806130016,26.95335412130573
1509.89,1.5116779444895394,3.985784834696758,26.939433407996514
1517.797,1.5163033372600794,3.986543259529086,26.93829440079089
1525.703,1.5129215487844945,3.9868257825675153,26.9504027643192
1533.687,1.5136422762502224,3.9879964407293627,26.944143939481066
1541.625,1.5123501954113696,3.988164747378712,26.939749489556707
1549.625,1.5122447417429974,3.988912559770369,26.94544881648713
1557.64,1.5149023242507835,3.9894252745988235,26.957733762509463
1565.703,1.5138144474750272,3.9904749944905626,26.955458462455233
1573.797,1.5117340165184199,3.9911558728792698,26.958679637211294
1581.922,1.5113663259922416,3.991593678562471,26.96312402143317
1590.047,1.5129346638257555,3.9922334094517926,26.961964508325483
1598.203,1.5128468542716693,3.9927500063233814,26.968666296234158
1606.375,1.5142663696174758,3.993507675282598,26.97986477762625
1614.453,1.5120373645778817,3.9940615629676155,26.965405247897046
1622.547,1.513144048845593,3.9946000495503204,26.975884219658248
1630.593,1.5142620605216985,3.995373073189909,26.976201174562643
1638.703,1.5130383034816908,3.9957960899817815,26.979634562282595
1646.859,1.5144436945276922,3.99675028042493,26.979800194177177
1654.984,1.5148573177945857,3.997206089272055,26.98862302637234
1663.265,1.511018332021787,3.997733694352767,26.989767849064673
1671.437,1.511498936862903,3.9983090924053104,26.98443193580382
1679.734,1.5131454596003167,3.9990239539323,27.002641015049843
1687.968,1.5122911144909712,3.9997114657840944,27.004387859620582
1696.312,1.515026918504458,4.000555122321643,26.99375524190298
1704.656,1.5128682964061264,4.000974607352343,27.00869841037247
1713.0,1.5144645344187675,4.001785581474646,27.009497854243154
1721.406,1.5138512996369269,4.002497154386526,27.01159234510388
1729.843,1.5101085087539392,4.003120767042972,27.02015635004827
1738.328,1.512400458150618,4.003763831265281,27.027483974928224
1746.875,1.51154005422586,4.004523779077044,27.02072504074773
1755.468,1.514585645888986,4.005350733378017,27.02033565111373
1764.031,1.5141153924891257,4.005850863387863,27.037644978727336
1772.687,1.514063839164369,4.0065928245651765,27.04193944478755
1781.328,1.5131628866080413,4.007396803326772,27.04723105696866
1789.968,1.511471344084993,4.007726864206457,27.04999098051981
1798.734,1.5155298065705356,4.008568220116862,27.058705386370754
1807.453,1.5113135351005154,4.009458298657417,27.054043452878457
1816.0,1.5127795623745557,4.010153611700148,27.054124256138508
1824.593,1.5138309428864465,4.010804220827117,27.068091530426166
1833.156,1.5145802422507573,4.0118321913354364,27.06355315891562
1841.812,1.5116759612861992,4.0122126522005725,27.0740627305796
1850.422,1.514466178130863,4.012931308525194,27.079709441047406
1859.078,1.5118233599448758,4.013907305640393,27.095446108825207
1867.797,1.5120821194025886,4.014674400473798,27.091876811095702
1876.547,1.5144205802672073,4.015410679781163,27.09651532277997
1885.359,1.5121179830399987,4.0160505948844305,27.104670663299466
1894.14,1.5107989447450876,4.016942625946017,27.11415506116277
1903.062,1.5111380263500014,4.017704235746328,27.11828514894506
1911.922,1.515690082386299,4.018445857273095,27.128146450639473
1920.812,1.5126163569452329,4.019195820290988,27.134751963970672
1929.734,1.514827896839292,4.019973666866512,27.15414764881026
1938.75,1.512844947908654,4.020756175718933,27.14351612494682
1947.718,1.5123006060152304,4.02146662079129,27.152361040055833
1956.765,1.5142464245589924,4.022584676542178,27.176157756074296
1965.812,1.5129507913491675,4.023501122832427,27.179289605005412
1975.0,1.5121092796720643,4.024258733917346,27.178537358174218
1984.14,1.5120611311000813,4.025082779873945,27.192302536597467
1993.265,1.5132707402447498,4.026034576329572,27.19201333728268
2002.531,1.5132509153303555,4.0264638829415995,27.19608190159645
2011.047,1.5136554035929797,4.0272698036633745,27.21388286188857
2019.687,1.5136010834135203,4.028178706602776,27.222314150917473
2028.343,1.5121477521621325,4.029021646908475,27.22101623717602
2036.968,1.5113512795204866,4.02966166884085,27.231196789579514
2045.672,1.5134748263876037,4.030683747451008,27.240552956652344
2054.406,1.5154626103727675,4.031873665914525,27.24828216937821
2063.203,1.5106767562230992,4.032644460380869,27.253168460294297
2072.093,1.5113857772874624,4.0331971860369515,27.265676915154383
2080.922,1.516453607018405,4.034328333253975,27.269232979902373
2089.781,1.5121330766562808,4.035118528507783,27.276946434333613
2098.672,1.5126845311875214,4.035780522672768,27.27048915733914
2107.562,1.5120290218795833,4.036826203249528,27.283155471441393
2116.515,1.5139163921253371,4.0377713095552235,27.291315662170295
2125.453,1.5123097762276367,4.0388130613638245,27.309116798269418
2134.453,1.5145669267116502,4.039643394322381,27.318795200308653
2143.484,1.5143601295758056,4.040557494609198,27.329077176067397
2152.547,1.5163434613059041,4.04147367853293,27.331754134935498
2161.656,1.514806111174925,4.042326249353003,27.341831134776992
2170.797,1.5183759477263628,4.043377074147688,27.346194868122556
2179.984,1.511471665808441,4.044313564635061,27.361638895835195
2189.187,1.5107352040114013,4.045160924082243,27.37661590975253
2198.422,1.5142842566986774,4.046214437861361,27.385773023148896
2207.656,1.5174457891153121,4.047532860040844,27.393411026929936
2216.937,1.5145334452846024,4.048099322479585,27.396546107059123
2226.265,1.5127563296980115,4.049273303469368,27.401046681118665
2235.656,1.5129649532679008,4.050319233875141,27.420309478895867
2245.062,1.5122084608311588,4.0513667703650595,27.425870424686398
2254.453,1.5151662882391552,4.0522759814283615,27.438456557806585
2263.922,1.515344985300942,4.0535125717578975,27.427261612752798
2273.406,1.513565972758392,4.05451292819453,27.456447152879917
2282.953,1.5139376511368434,4.055648343025246,27.46107267796048
2292.484,1.5128640113832355,4.0568731556497974,27.47162827999934
2302.109,1.5100149125581537,4.0574849240884605,27.480882883046895
2311.718,1.5112597937058396,4.058969082314939,27.49295637990976
2321.406,1.5113007936311236,4.059942173592672,27.5031123122646
2331.125,1.5128254668384564,4.0611683690274365,27.516585202012955
2340.875,1.514339891249041,4.062303776535678,27.524235317770533
2350.64,1.5123858512744701,4.063237690891023,27.529582526506616
2360.468,1.513499463458783,4.06439024247642,27.53986347087294
2370.297,1.513202843859979,4.065336291307384,27.563161199975173
2380.218,1.5119974915929268,4.066463059277569,27.569721959122617
2390.156,1.5107810561075772,4.067881642635032,27.578430492864687
2400.156,1.514970319797761,4.069039560460788,27.587007742016002
2410.14,1.514962950555117,4.0706482436679385,27.59996317826432
2420.172,1.5126737183023504,4.071390780445363,27.614559060807828
2430.265,1.5101039562622514,4.072840391589622,27.616286620473723
2440.39,1.5126842752310998,4.07434338204782,27.624814594022194
2450.515,1.5131149808205226,4.075306245211503,27.644612701497312
2460.656,1.5141380741168173,4.076354948213387,27.66043624318279
2470.875,1.5105853851699318,4.077952860225503,27.66565912561391
2481.125,1.512373820090597,4.0792526344018505,27.673560079608027
2491.453,1.5120547507493356,4.080534817857635,27.678546411522994
2501.75,1.510730047435921,4.082036833127022,27.695193173359392
2511.453,1.5124768496577854,4.083329117314446,27.70734273733829
2521.218,1.5142102286645978,4.084488048067477,27.723837091484228
2530.968,1.5123355748754836,4.085662250863635,27.7384699115698
2540.718,1.5111065488529172,4.087054185289751,27.74732570384441
2550.5,1.5143061141019016,4.0882569801073885,27.74664297082144
2560.312,1.5133833722681354,4.089472630095173,27.760866517669996
2570.156,1.5130303954697337,4.091150825848935,27.763560842712675
2580.078,1.5126413173648128,4.092228294942111,27.785920714822833
2590.078,1.5155145406440782,4.093648834821101,27.800047663337768
2600.078,1.5115435300055724,4.095187638453984,27.809954138776398
2610.078,1.5139500862681898,4.096429180181783,27.823197222662685
2620.14,1.5135913771422114,4.097504445158618,27.82954682964935
2630.172,1.5136159822942552,4.0991895541161805,27.84396795809369
2640.297,1.5127976551432116,4.100323812598575,27.849653812448608
2650.468,1.5111964927393544,4.101900081204284,27.867904836456965
2660.625,1.5128867065047678,4.103396857088998,27.869734716434856
2670.797,1.5122873914669248,4.105031113258069,27.889435647817102
2681.093,1.5144367488408659,4.106507076276153,27.892649994229437
2691.406,1.5114859476113252,4.107772651175706,27.906180397587146
2701.718,1.5118396550767157,4.1091950881344115,27.923875152108717
2712.078,1.5134243775256933,4.11076295221923,27.929691024980997
2722.5,1.5091766496265906,4.111967156001656,27.938387629385392
2732.968,1.511989489379046,4.113889468807593,27.96337517428428
2743.437,1.5125477796016455,4.115392149640124,27.963601214458567
2753.906,1.5146743032347985,4.116495253615032,27.98276375860132
2764.468,1.5159010961693538,4.118295116730516,27.98141256625937
2774.984,1.513897503835337,4.119712562817633,28.001085422611474
2785.578,1.5143985299074705,4.121233648017744,28.001834142618495
2796.234,1.5149557387685757,4.122725362472743,28.021500941595967
2806.968,1.5132127368877688,4.12434968625945,28.047240317236092
2817.687,1.5113045291019456,4.126001894823851,28.044547546867307
2828.5,1.513330495010138,4.127594398031138,28.0607557740706
2839.265,1.5149601698549562,4.129152662865,28.071085153945727
2850.125,1.5110778392901074,4.130476208574246,28.092026599325884
2861.015,1.5138921965882939,4.132395281058648,28.101440752664487
2871.953,1.5131510699484279,4.134105898782212,28.100225620995978
2882.843,1.5110480831635524,4.13555571771212,28.118430572829226
2893.765,1.512520443291784,4.137335272055065,28.129793939765793
2904.718,1.5123803149855222,4.13875137028478,28.147418652686422
2915.797,1.510861681483916,4.1405865838635485,28.164267726959793
2926.89,1.5103991880636811,4.142161381767804,28.16920467724615
2937.984,1.5126054959649897,4.143386169891469,28.19208932932163
2949.203,1.5141143532067853,4.14548294754482,28.2002093870846
2960.375,1.5141465381987627,4.146959546461242,28.207767406355632
2971.5620000000054,1.511232265225071,4.14860651623071,28.227646830704263
2982.7810000000027,1.5142612286652934,4.150437810955049,28.23681279160247
2994.1870000000054,1.513180708574359,4.151750009066519,28.242765817411982
3005.5,1.5131508153534947,4.153705495284538,28.260851463493232
3016.2339999999967,1.5142664944618531,4.155162000089114,28.280091882643447
3026.9679999999935,1.5159049780918707,4.156855044213854,28.297554594001717
3037.827999999994,1.5122890785453502,4.1584075048522875,28.314110795469066
3048.6399999999994,1.5096981212377827,4.16001583171164,28.324745489638538
3059.4839999999967,1.513451867428352,4.161460465752544,28.32761814564345
3070.422000000006,1.5125943309904828,4.16313268812775,28.33488548757764
3081.4370000000054,1.5107772753686433,4.164669995322514,28.359821585128334
3092.422000000006,1.5121493892347988,4.166528915977726,28.3672220429705
3103.4679999999935,1.5113139576083254,4.168042921862514,28.390698994473397
3114.6089999999967,1.510662205028551,4.169389167100376,28.403680014229586
3125.75,1.5134159165014194,4.171336498845744,28.4239196524563
3136.8899999999994,1.5149740447222364,4.172633350862183,28.441777406718348
3148.1399999999994,1.5147095987219463,4.174244757552957,28.462395117201606
3159.3899999999994,1.5110047043623633,4.175799588629017,28.466712341877898
3170.672000000006,1.5095203277940785,4.177650115119826,28.497898841402296
3181.9839999999967,1.5129523819071231,4.178920787953662,28.504731121967644
3193.3429999999935,1.5133928026059795,4.18072515116498,28.518892100861212
3205.077999999994,1.5135674793784188,4.182462996956496,28.547978346633222
3216.6089999999967,1.5137241599867628,4.183694981648411,28.560995641925075
3228.1560000000027,1.5153723719462198,4.185411271567118,28.584105359387525
3239.7810000000027,1.5132521532733358,4.1870325859439035,28.597306887112843
3251.5,1.5153676341012101,4.188974436277065,28.62077926718587
3263.2339999999967,1.5114409810492548,4.190699689193338,28.651583256056423
3274.9839999999967,1.5130459873483209,4.192028802756997,28.671364833546527
3286.7649999999994,1.5079485476961791,4.193953968908639,28.701893414742976
3298.6089999999967,1.513393424261643,4.1954121486839115,28.719343561829078
3310.5620000000054,1.514256614194898,4.197183775030684,28.734829020900072
3322.5,1.5116175205356377,4.198829590025741,28.76717554430338
3334.8589999999967,1.5121496211855994,4.200831818493251,28.782845220517874
3347.297000000006,1.4860909662032284,4.199659817518588,28.803132732745457
3359.547000000006,1.4720654200139454,4.2003081329837695,28.828853303422374
3371.7649999999994,1.4590227094418111,4.20066697511976,28.856929812805433
3384.4370000000054,1.4457865946425332,4.201226374101079,28.870743179858618
3396.9679999999935,1.4337761645450497,4.201269193892018,28.889946004237263
3409.5310000000027,1.425037145103949,4.201651531721786,28.908716299082922
3422.0310000000027,1.4109580301073292,4.201977092556687,28.93606659020981
3434.577999999994,1.3964584138606915,4.201959154674935,28.95599539188416
3447.2649999999994,1.3845375984734798,4.202532187649597,28.980431341212782
3459.9679999999935,1.3720010872286876,4.2028839512486265,28.98621112721977
3472.6870000000054,1.3596607999171069,4.202784096310889,29.003201166648513
3485.4839999999967,1.3492159269308746,4.203512698136281,29.008781344360465
3498.3120000000054,1.3386681169335164,4.2034204965484845,29.038824698269707
3511.1560000000027,1.325074279774607,4.203605249028743,29.044775103563847
3523.4370000000054,1.3131880737287847,4.203969603389362,29.048820321371995
3535.6870000000054,1.300918500821937,4.204085261546219,29.050230023094564
3548.0,1.2916387500264417,4.203880510882574,29.053842792804293
3560.3429999999935,1.2805633103035148,4.204273703065212,29.062303469473157
3572.7179999999935,1.268378613363497,4.204519927758996,29.058099654284984
3585.077999999994,1.2565010085654247,4.2050735700371575,29.055750900924288
3597.5929999999935,1.2435927738181922,4.205222498973667,29.056889742153697
3610.0929999999935,1.2302339035696899,4.205385773498326,29.061425276198037
3622.6089999999967,1.2167582854450711,4.205689541592495,29.05416273026597
3635.172000000006,1.205630023448453,4.2056637318527335,29.043251269850725
3647.7810000000027,1.1934556879896903,4.206292828423885,29.035454931342013
3660.3899999999994,1.171088869271539,4.205461097012854,29.03889142764838
3673.077999999994,1.159303957261013,4.206207824316036,29.021203854045982
3685.8429999999935,1.139139667503225,4.2052163455484575,29.0108257572407
3698.6089999999967,1.1276597570306475,4.205122374220525,28.99540322283309
3711.3589999999967,1.1160491501663017,4.205238034070215,28.98083936337423
3724.1399999999994,1.100368560943358,4.205497942374876,28.96376532281303
3736.952999999994,1.0831691431831305,4.204774353533145,28.943675537042644
3749.8899999999994,1.0695801586106555,4.205082045320268,28.91622786341875
3762.797000000006,1.0579534234437045,4.205084198555002,28.89139884829707
3775.7810000000027,1.0346927027981545,4.204229435743629,28.87560307421537
3788.9839999999967,1.0245810427183413,4.204165563710805,28.848114006054985
3802.077999999994,1.0137778669094712,4.204458252043849,28.80668262014902
3815.4839999999967,1.0024592123119205,4.204385018942635,28.797854145886326
3828.875,0.9909388833828117,4.204558999917236,28.76246715128525
3842.1870000000054,0.9792806702656465,4.2044157488353,28.73427854359774
3855.547000000006,0.9561673354162809,4.203694356302618,28.712020309750606
3868.8120000000054,0.9349752479657837,4.203087980124549,28.6811103680153
3882.4060000000027,0.9239483490339672,4.202692555314127,28.63770905831276
3895.9370000000054,0.9045079483973469,4.2018412539203,28.605009735681207
3909.5,0.894668796693582,4.2018316209472095,28.568038725857793
3922.9839999999967,0.8897620520518214,4.2023209059020585,28.534770901466445
3936.6560000000027,0.8877796540701792,4.202851304520957,28.49538998222317
3950.3589999999967,0.875189146753201,4.20305893132264,28.45793077454305
3964.1089999999967,0.8543154682938673,4.202089514201693,28.415434231659816
3977.922000000006,0.8551051650932018,4.202818411995723,28.37901360752727
3991.827999999994,0.8546054566423316,4.203386763341203,28.34257020550569
4005.797000000006,0.8506584089588414,4.20448546595084,28.309238149838833
4019.0149999999994,0.827768140907082,4.203338827436273,28.248568080417762
4032.3589999999967,0.8075275140232723,4.202588381632002,28.22043446722297
4045.7339999999967,0.7980561125724474,4.202000852523604,28.19088548169944
4059.125,0.7897494879984943,4.201882193356517,28.148965086925134
4072.5620000000054,0.7753013786075015,4.201476783466135,28.112858284564993
4086.077999999994,0.7657578991099326,4.2010253119098735,28.090417596079615
4099.547000000006,0.7555831546552824,4.200743436462828,28.047366082475307
4112.9679999999935,0.744706550774894,4.200439934867642,28.012206641228765
4126.531000000003,0.7368881571216654,4.200118690924143,27.983025847856084
4140.139999999999,0.7227929189451255,4.199718748194952,27.94503781267445
4153.75,0.7114672368786626,4.199208579043886,27.910441941193756
4167.452999999994,0.7020300011220308,4.1987340380835025,27.875998731503213
4181.187000000005,0.6908201245924738,4.198415774115413,27.84200366805608
4194.983999999997,0.6808151872248366,4.197769562540195,27.810082788699702
4208.827999999994,0.6781055445047617,4.198450550889358,27.77911247464826
4222.5,0.6788418403145152,4.198604120902414,27.73960349988697
4236.2179999999935,0.6668056342961668,4.198352206680469,27.709093029898675
4250.281000000003,0.6539808515397136,4.197912460639667,27.67030082730144
4264.327999999994,0.6534935665306429,4.198304765301343,27.638410994032295
4278.375,0.6538691179239146,4.198866420931548,27.60348119952501
4292.297000000006,0.6417630001911103,4.19886038879374,27.58129954064262
4306.452999999994,0.6334644575009281,4.198663220656324,27.54590633550318
4320.639999999999,0.6211636749800162,4.19808657542588,27.51473348242167
4334.812000000005,0.6220166459373099,4.198375318571934,27.481684293077198
4348.858999999997,0.6181280307822806,4.1988516463451235,27.46153428905414
4363.139999999999,0.6094087854976368,4.198729488684281,27.430148078783695
4377.4679999999935,0.6003193485017264,4.198361759089515,27.391633925296013
4391.656000000003,0.5955343071055871,4.198640709265759,27.372959692607953
4405.858999999997,0.586985534283372,4.198179467553094,27.35015835963456
4420.281000000003,0.5880163628553722,4.19853874188035,27.30889352390706
4434.781000000003,0.5879676198049719,4.199242049944258,27.288507494191585
4449.297000000006,0.5842813643248919,4.199742005858036,27.263067206121583
4463.858999999997,0.5715160779330465,4.199334814782554,27.226464179083123
4478.281000000003,0.5598312958110006,4.199062225135752,27.201069683535064
4492.906000000003,0.551085581773662,4.1987122825314325,27.17484614842589
4507.422000000006,0.5388545114170044,4.198176110161517,27.145359067775406
4521.327999999994,0.5390608454366729,4.198598718060973,27.13397588295477
4535.3429999999935,0.5310682354990214,4.198063462091589,27.10331663828095
4549.264999999999,0.5277373865934778,4.198518499283906,27.08101983410234
4563.406000000003,0.5307508530527602,4.198883620688885,27.05596691948284
4577.672000000006,0.52536511312276,4.199545860395714,27.040722456009046
4591.889999999999,0.5266386488299853,4.199771702710127,27.010867691833845
4606.172000000006,0.5150317062605869,4.199389260840519,26.987943841246388
4620.406000000003,0.5039707118263497,4.198912887714706,26.95261252239125
4634.562000000005,0.5010281906223462,4.199181680450417,26.952480547301615
4648.875,0.5039076646632245,4.19964290691375,26.9248543899837
4663.281000000003,0.4895887698779446,4.199501526511689,26.896464868961903
4677.577999999994,0.4829039130712139,4.198807505173235,26.87037393236088
4692.172000000006,0.48212212407918914,4.199277379677831,26.84608284272171
4706.672000000006,0.47837384759822926,4.19968094310695,26.82448182291999
4721.281000000003,0.46993583603743955,4.198855315032304,26.817890700761275
4735.858999999997,0.4682352874389531,4.199560419742515,26.786118720708973
4750.4679999999935,0.45763459620366653,4.199075815347197,26.764515365976816
4765.202999999994,0.45707878377534195,4.199470586303994,26.735709501762425
4779.983999999997,0.45685852537436905,4.199835033422285,26.718103823718835
4794.858999999997,0.44524342784928583,4.199388625010363,26.693031731859207
4809.672000000006,0.44238538700447577,4.199646196500956,26.68111258532071
4824.5,0.43451831946000935,4.199384668874184,26.647378847813776
4839.437000000005,0.42455622197568726,4.198554694554499,26.63111632836478
4854.389999999999,0.42415693851219893,4.198828671901315,26.616824335554334
4869.4679999999935,0.4207759341971755,4.199111373024288,26.58756471776098
4884.4679999999935,0.4230844378798834,4.199721864497709,26.56447174212321
4899.547000000006,0.41215125376802103,4.198967144215636,26.54818175266965
4914.702999999994,0.4090659759065658,4.199310894105611,26.534896038345625
4929.889999999999,0.4071452927510866,4.199619075548281,26.507757228384236
4945.202999999994,0.39999120492374546,4.199275103479086,26.488928436451236
4960.297000000006,0.39784292109797986,4.199468812796083,26.474190285033824
4975.562000000005,0.39694050802121195,4.199500250663733,26.457739137944746
4990.812000000005,0.39606475809282304,4.200216293025779,26.438237111029114
5006.108999999997,0.38572004017310035,4.199601105170431,26.422788781078633
5020.077999999994,0.3739746505070356,4.199218552647735,26.389067256570065
5034.297000000006,0.37299590397396293,4.199347229491685,26.375098095633888
5048.547000000006,0.37361928119485927,4.1995311087181655,26.356638583108314
5062.889999999999,0.37600370638234015,4.1998710174934315,26.3373087886727
5077.25,0.362680663999279,4.199361641718579,26.324198689510098
5091.639999999999,0.3639786138807477,4.199623877473801,26.303750475021406
5106.062000000005,0.3537093236148548,4.199158627388958,26.29200979396592
5120.5,0.35067373893620896,4.1991592048054045,26.270441403368906
5135.014999999999,0.3522174905250573,4.199634533188292,26.263084166019816
5149.5,0.3509930110567826,4.199977896584266,26.24108594282801
5163.889999999999,0.35164765972660034,4.199996464932992,26.22798895690815
5178.514999999999,0.3500030182452636,4.200216767116277,26.207891994831574
5192.906000000003,0.351030358479601,4.200737339796343,26.195640205853323
5207.437000000005,0.34643165394023157,4.2000483301174345,26.17955823718933
5221.889999999999,0.3300395432568619,4.1989566977305435,26.16705407818522
5236.625,0.33164371673870574,4.199789444364512,26.148934130175288
5251.3429999999935,0.32668917223799065,4.1999996538023,26.125714919537096
5266.125,0.3310518538368701,4.200104381265602,26.116831696248926
5280.922000000006,0.3289549057924513,4.200328608938059,26.104305135092517
5295.906000000003,0.332048413215334,4.20109030455043,26.08550204756452
5310.889999999999,0.3175133122228117,4.199990957785009,26.070522225927803
5325.812000000005,0.3067876008548966,4.199555564673377,26.064514106204925
5340.812000000005,0.29762336147792284,4.1989353292349785,26.03948128146601
5355.875,0.29593964432341807,4.1986410771688245,26.026848516100568
5370.9679999999935,0.29524477062657933,4.198880158678518,26.013714353480005
5386.156000000003,0.29458591778430987,4.199052505393914,26.00764997924137
5401.187000000005,0.2964903351857712,4.199329138993287,25.98596166141635
5416.156000000003,0.29171192506159976,4.1993888751919615,25.980936161016412
5431.4679999999935,0.29434005900756527,4.199829673125723,25.95363813419772
5446.764999999999,0.29503306281975256,4.200024594549619,25.94777002425724
5462.047000000006,0.2925701222726979,4.200281693833735,25.917761484270812
5477.452999999994,0.29431714935046427,4.200507165157402,25.903959158425653
5492.875,0.29349627197989575,4.200946256110465,25.89729376617238
5508.437000000005,0.28347431654157507,4.200306309474902,25.869542160795568
5523.983999999997,0.2705187372498733,4.199600991568179,25.86687312270736
5539.437000000005,0.27288500501212215,4.199590103755346,25.846057226751174
5554.983999999997,0.27309882341581904,4.200045779211526,25.83889542763348
5570.547000000006,0.2670788553438572,4.200083484619215,25.82156841870445
5586.139999999999,0.27010672995194235,4.2003509516838795,25.805015090736866
5601.875,0.271994033760845,4.200544557587606,25.79453590850281
5617.5929999999935,0.2701217473380399,4.200556338111529,25.787122588999488
5633.156000000003,0.25920910786463064,4.2000710174313705,25.764063031634404
5648.983999999997,0.24797752602704923,4.199582030287197,25.75720747689691
5664.733999999997,0.24806728425081043,4.199540855340345,25.75505563228017
5680.797000000006,0.2499194027239983,4.199514717835036,25.730935366860354
5696.781000000003,0.24742782879033068,4.19985835713684,25.723365610580156
5712.827999999994,0.24479300939291487,4.200034521310234,25.70456226297013
5728.937000000005,0.2458482459863076,4.2000921463885845,25.695219569462008
5745.0,0.24503401180225523,4.200440463128908,25.680729803365438
5760.827999999994,0.24770793100475935,4.20064417482561,25.663401492327385
5777.077999999994,0.24459312811415132,4.19974561577087,25.651713133662234
5793.3429999999935,0.23411906818170355,4.200255556890987,25.646943139946544
5809.702999999994,0.22975170115805188,4.200401411530488,25.635312427135776
5826.031000000003,0.234822714053325,4.200160882834034,25.624031816839782
5842.172000000006,0.2384205548990583,4.200874141909814,25.61486017491519
5858.562000000005,0.226809221216108,4.199803967421196,25.589540181844548
5875.031000000003,0.22046406476945726,4.200278668719344,25.583491593226512
5891.608999999997,0.22372007540504138,4.2001850047964195,25.570877190454247
5908.202999999994,0.22578643354654201,4.200048038749372,25.56820920127832
5924.5929999999935,0.2205235595211473,4.200470924483585,25.55311098877821
5941.264999999999,0.2230795662391608,4.201004464713958,25.530696766128557
5957.937000000005,0.21155342538098432,4.1997444099156604,25.522757812140714
5974.672000000006,0.20995917350165913,4.2001798562371215,25.518611233447817
5991.389999999999,0.21500676409055416,4.200010582132275,25.504234677801875
6007.937000000005,0.20776709456087758,4.200090307218243,25.48648772723874
6023.452999999994,0.2102582207494086,4.200705363335997,25.470449927686175
6039.0,0.1990541924025364,4.199837771659572,25.468623742538266
6054.422000000006,0.19720644289873868,4.199914764325657,25.461059222334967
6070.187000000005,0.1963794320780107,4.200284124478953,25.45721713929271
6086.014999999999,0.20137809466185375,4.200281190592448,25.447699205259237
6101.827999999994,0.19859371436646422,4.200153522796278,25.432338412376676
6117.5929999999935,0.1989020714663004,4.200293225421406,25.416863477249578
6133.281000000003,0.2024214015313367,4.200414304945433,25.424715575914945
6149.264999999999,0.2008525528577458,4.200892886393592,25.40660298153493
6165.125,0.18736633765257665,4.200344413933952,25.39597927348736
6181.047000000006,0.18741929812636576,4.200407347978522,25.387859201486673
6197.108999999997,0.18935520292442215,4.200226433326947,25.368848253800135
6213.297000000006,0.18603229876667166,4.200293562183193,25.37424135401242
6229.4679999999935,0.18831812979399665,4.200659294722964,25.359827249381702
6245.656000000003,0.17549597530524022,4.199891497298713,25.354707359339614
6261.858999999997,0.17946563567760865,4.199537971874229,25.335000391446588
6278.202999999994,0.1810408051569897,4.199837219550694,25.321732850708415
6294.5929999999935,0.17845267095369427,4.200220982181377,25.304112609962313
6311.047000000006,0.177948257409531,4.200149030944345,25.306415399179386
6327.562000000005,0.17620626695133668,4.200141238780716,25.293399044916274
6344.108999999997,0.1798532896618627,4.200255714973477,25.294045729715105
6360.672000000006,0.17859899781035782,4.200283159086454,25.282873556761743
6377.25,0.1762459174372655,4.200574139132193,25.27876683582452
6393.514999999999,0.17431554945441016,4.200711267071308,25.273805951476113
6410.187000000005,0.17592314187408814,4.201367862098792,25.253879260329633
6426.875,0.1762589298108247,4.200776857096201,25.251068481590988
6443.672000000006,0.17492797406786537,4.2015064336137184,25.232780792786436
6460.5,0.16799867736839777,4.201096842556007,25.227838155595805
6477.327999999994,0.17896220450126948,4.201643563699256,25.21800318054364
6494.187000000005,0.16157773356578464,4.200820922304147,25.210382757284826
6511.0929999999935,0.1538988194494792,4.200001251092849,25.19657914289609
6528.077999999994,0.15564698861534465,4.200096226943615,25.191501186432173
6545.014999999999,0.16001625586266774,4.2001631555840095,25.185969656988302
6562.047000000006,0.15511467317446992,4.200201704436851,25.170202196004713
6579.233999999997,0.1541266879144055,4.200470913418125,25.16550925447807
6596.375,0.1521867356649189,4.200428117734508,25.14852227301603
6613.608999999997,0.15240707087192928,4.20036758131791,25.151773668140013
6630.937000000005,0.15328937932487718,4.200637118335303,25.14530055345121
6648.25,0.14178649241326616,4.199832493798052,25.13074679775642
6665.625,0.14330851497173588,4.1997300306087055,25.11487941872669
6683.108999999997,0.14151477905808194,4.1996427964822,25.118710604000352
6700.514999999999,0.1428860501892911,4.199825258284437,25.09913823637356
6717.687000000005,0.14119378592750093,4.199833392757471,25.098778369605252
6735.172000000006,0.14008766808346748,4.199738382954654,25.086220314165814
6752.797000000006,0.1415350986786714,4.1998740897697635,25.090103129332118
6770.202999999994,0.14219676985162288,4.200267661518339,25.07928451890501
6787.922000000006,0.140561145391074,4.200216641562325,25.06667240618312
6805.672000000006,0.13974089370991033,4.2004210520662,25.061015226755213
6823.514999999999,0.14595581303732888,4.200270826367203,25.06208506017429
6841.327999999994,0.14191523369122921,4.200527921543503,25.034690295901196
6859.156000000003,0.14040340278580657,4.200737934499662,25.04132663607822
6877.125,0.13048607357691233,4.200046076827344,25.023951497798556
6895.108999999997,0.13026077553322565,4.199865647662195,25.021218071938033
6912.889999999999,0.12942270659632693,4.200070727488923,25.01601204772956
6930.937000000005,0.1320323550682177,4.200176912835297,25.00572889546425
6949.0929999999935,0.13099418491460346,4.200270027775768,25.003239357609804
6967.125,0.13130393403775606,4.20021165992503,24.996254446411342
6985.077999999994,0.1296194397418623,4.200449665066644,25.00099256726928
7003.233999999997,0.1320070278352748,4.200532782750207,24.983342516095412
7020.281000000003,0.12947827602779513,4.200704311945849,24.97899686619025
7037.389999999999,0.11723824998727445,4.199739228018213,24.96673263190086
7054.452999999994,0.11905810892388255,4.199764525741044,24.979691924043088
7071.639999999999,0.11954390598735502,4.199947419702702,24.9586225060821
7088.827999999994,0.12142235842481049,4.199888463504583,24.95285931474114
7106.031000000003,0.12036063903580779,4.199675774546092,24.96675281418832
7123.3429999999935,0.11856617607574935,4.200048224305072,24.944216536504204
7140.297000000006,0.11781096003381593,4.200049675263197,24.93799268122191
7157.687000000005,0.11756650379075817,4.199999132692803,24.93775843475586
7175.202999999994,0.12317606509867882,4.200169626659336,24.922438056385726
7192.687000000005,0.11519368090827437,4.200241921833536,24.912383235995794
7210.25,0.11885364654267551,4.20059575873404,24.91114306775344
7227.812000000005,0.11829929293743877,4.200955852454966,24.90668044618164
7245.483999999997,0.11745571715233272,4.200719587272965,24.912614528523424
7263.156000000003,0.11719748330721907,4.200434200710901,24.899377459826216
7280.875,0.11337165798518044,4.200977544436161,24.88907363654093
7298.5929999999935,0.11524346047660354,4.201005860740888,24.89376546907922
7316.422000000006,0.1189517020607652,4.201110942599157,24.88730588095891
7334.233999999997,0.1175293332191402,4.201299381702495,24.869249362644872
7352.202999999994,0.1173953237919142,4.201278385828415,24.86670715100273
7370.156000000003,0.11106143245045291,4.200992068840524,24.862702962466845
7388.125,0.11943283333803718,4.201710652515566,24.852613540531994
7406.125,0.10582968945709052,4.2010721874286885,24.852729713511668
7424.2179999999935,0.09441287683205633,4.19998841296806,24.844416942863436
7442.312000000005,0.09754910562139464,4.199679452771078,24.84644547361333
7460.483999999997,0.08623701303612345,4.199067548931388,24.840741866392484
7478.625,0.08776077249649492,4.198571302897034,24.840270269220014
7496.812000000005,0.08533608686776716,4.198896552497019,24.827838326464118
7515.108999999997,0.08483702414610862,4.198718009611754,24.820275441977174
7533.531000000003,0.08766144783458676,4.198366140375774,24.816174441412063
7552.0,0.08718784784436229,4.1985486229360856,24.80902484646074
7570.531000000003,0.08503337841613967,4.19901020280672,24.806265090388088
7589.014999999999,0.08566531722989233,4.198697591387274,24.787310023313687
7607.437000000005,0.08655115624460959,4.198561400531362,24.79380033120944
7626.014999999999,0.08783130273109198,4.198548944395503,24.793392314578874
7644.608999999997,0.08618148931164742,4.198999784882551,24.78644725379911
7663.281000000003,0.08564431714597132,4.1989239924642945,24.790167296500712
7682.0,0.0841472780346202,4.198978412467427,24.78187463398276
7700.656000000003,0.08783035476076259,4.198845242461292,24.782567552638866
7719.514999999999,0.08776727438233628,4.198798168642389,24.775592636417056
7738.422000000006,0.08415632479445623,4.1991660777138184,24.76794758100535
7757.312000000005,0.07768076121528308,4.1980403263035475,24.754395743116657
7776.25,0.07745436603277348,4.197999625324915,24.751217156101582
7795.139999999999,0.07482629572045245,4.198187823846012,24.74275232222272
7814.172000000006,0.07854962279245356,4.197813834630619,24.746377081902033
7833.281000000003,0.07571243873568193,4.198302191789458,24.730634214484496
7852.389999999999,0.07530436532550722,4.198383586665314,24.736592853275603
7871.625,0.07854505103035432,4.1982475305164435,24.72721388724709
7890.9679999999935,0.07466390404779574,4.198237138419379,24.72356427630793
7910.297000000006,0.07550847141175963,4.198658898940879,24.716327273672803
7929.5929999999935,0.07695599401680457,4.1982008700448255,24.71524463823622
7948.922000000006,0.07779501680567373,4.198532120035086,24.716739353117774
7968.375,0.08028714441236197,4.198223996709224,24.701867579529257
7987.858999999997,0.076445769670777,4.198571666364689,24.69906898894018
8007.3429999999935,0.07511052081861176,4.198566458037335,24.695567632557328
8025.702999999994,0.07311425135270647,4.198964065144502,24.693275584860878
8044.125,0.07668541796115536,4.198638047561473,24.686990691910736
8062.577999999994,0.07703783190557109,4.198840014789714,24.681093062985166
8081.047000000006,0.07287735171462184,4.19888212433817,24.68798123461
8099.656000000003,0.07406121496444487,4.198896083817246,24.685443698936997
8118.202999999994,0.07439012820984682,4.19882231616128,24.690367393267604
8136.875,0.0728062546170599,4.199214090467376,24.68180685193418
8155.5929999999935,0.07663193675141587,4.199204074678352,24.666898099309382
8174.422000000006,0.07644150077273879,4.198897700487935,24.668257587391047
8193.187000000005,0.07568642739503224,4.199364026490474,24.65830494078449
8212.047000000006,0.07127648815384609,4.199211052781031,24.654825144505207
8230.922000000006,0.07163572648619193,4.199234650137301,24.63777958694163
8249.89,0.06740238605720161,4.198471592539311,24.637284359148932
8268.858999999997,0.06202294031778095,4.198636069702307,24.6361327862027
8287.858999999997,0.06576323474840787,4.198551560650719,24.639165314090036
8306.922000000006,0.05203325160873145,4.197723766588352,24.633970626220123
8325.952999999994,0.056031305014768495,4.197479380288278,24.632300545830056
8345.077999999994,0.05321840265055961,4.197292930540502,24.626282829565085
8364.312000000005,0.05334831442303175,4.197301712011887,24.625638112453743
8383.562000000005,0.045736363114259805,4.196552601581184,24.61582143632272
8402.89,0.04729242870393719,4.196599163015657,24.614338273480033
8422.281000000003,0.04489446793855211,4.196203487946246,24.606953083320676
8441.687000000005,0.05660833310803304,4.197246668172914,24.598743884439504
8461.172000000006,0.05460067505138164,4.197233495040182,24.605262159457716
8480.702999999994,0.056167785466262825,4.197584609800797,24.594254226987683
8500.217999999993,0.0554042307119143,4.197251496832856,24.60388561648067
8519.858999999997,0.05401754345022272,4.197326998517289,24.603716606429032
8539.5,0.05391337226816658,4.197452388090471,24.584371251825374
8559.217999999993,0.05334754020743699,4.197369708109648,24.59665686088907
8579.031000000003,0.04321216395551789,4.196502413197013,24.58610000390659
8598.781000000003,0.055829061094531056,4.197211495786098,24.584005876493634
8618.625,0.05520899686102044,4.197589268252211,24.58169391989973
8638.467999999993,0.05075057827890591,4.197592883289635,24.570246103936032
8658.375,0.04486803062807944,4.19681209596339,24.565546048948377
8678.39,0.046389437142386636,4.1966424397781505,24.564543474938436
8698.467999999993,0.044943446792903616,4.196598596384073,24.57167511400629
8718.608999999997,0.04421987537428477,4.196764367124395,24.567229286827367
8738.656000000003,0.04602208346454446,4.196615431071394,24.555942324360668
8758.89,0.046040690993259636,4.196535922553554,24.558194010360957
8778.906000000003,0.03259138028847677,4.195961742739955,24.55317182773269
8799.217999999993,0.034849549544121575,4.1955806651488015,24.555410481912194
8819.5,0.03856944352600176,4.195799385683176,24.558380463370128
8839.842999999993,0.03757961474261726,4.195309610113854,24.535239432851373
8860.217999999993,0.04515814420930689,4.196424048187977,24.534211014453263
8880.733999999997,0.05337574436441294,4.197273281835465,24.533869104444467
8901.217999999993,0.05693243592366399,4.1975580274233275,24.524410898229142
8921.781000000003,0.0520704376721766,4.1979381264192,24.527895289997005
8942.312000000005,0.05362181968820017,4.197792269063371,24.529242193636016
8962.983999999997,0.05267563707118213,4.1978009435039825,24.522881885692282
8983.733999999997,0.05113101341532505,4.197980546138481,24.51883426391444
9004.39,0.044734688511585456,4.197157122390599,24.51661510249459
9024.047000000006,0.04316730178843378,4.197073143784813,24.4984075718833
9043.717999999993,0.04295355284532409,4.197094564889531,24.509311313607526
9063.531000000003,0.045510952280531085,4.197165458800224,24.5126407904983
9083.375,0.04387795279148777,4.197343305551845,24.513174102856407
9103.342999999993,0.034131076633289896,4.196458468858035,24.5025198919635
9123.25,0.03453867830600094,4.196481344085602,24.500862365739984
9143.202999999994,0.033715928519112766,4.196185067546018,24.491405704592445
9162.937000000005,0.03400135311277483,4.196075773323928,24.49434958012433
9182.952999999994,0.03324681210467938,4.1963730348260295,24.492391351603175
9203.092999999993,0.037127297671522376,4.195935227929867,24.498473605162943
9223.108999999997,0.036211022813305474,4.196166610153146,24.501288537547634
9243.375,0.03187590523544036,4.19612566762703,24.48447235290238
9263.687000000005,0.03339256069179926,4.196138705898584,24.489121148710094
9284.031000000003,0.033477404995926226,4.196335587720047,24.496588283974816
9304.342999999993,0.024021849037975298,4.195417929365456,24.484251259645593
9324.687000000005,0.034709278651934,4.1960705180615845,24.478235894181232
9345.015,0.0341104259041131,4.196395898646744,24.48556867668214
9365.217999999993,0.03338449062796911,4.196207096311262,24.485713328020115
9385.625,0.03345513649036147,4.1965889053074354,24.472055271250834
9406.125,0.03436126821275346,4.19641383741379,24.474798351666138
9426.608999999997,0.0358965354579902,4.196365099258085,24.458696087895703
9447.202999999994,0.037180961672599974,4.196212538146054,24.466292939700367
9467.5,0.03435727520078282,4.196190916139616,24.458328164420408
9487.812000000005,0.022912333899603413,4.19552057291048,24.464408764932063
9508.172000000006,0.03434072285338316,4.196134214550917,24.45988122538716
9528.765,0.034177073710394745,4.196422093475121,24.4544201154309
9549.483999999997,0.033482698922561185,4.19605769382511,24.449529366565184
9569.937000000005,0.033052247032818845,4.1961383065763185,24.45991459575187
9590.531000000003,0.02334578342459885,4.195377688248322,24.449180461126485
9611.375,0.03271337437585144,4.196315791924823,24.444228201246162
9632.358999999997,0.031064609338147784,4.196385842594064,24.44663623070466
9653.202999999994,0.03211303187155057,4.196197276951792,24.453401002030272
9674.297000000006,0.03608311334752594,4.196486447646492,24.45015852404672
9695.437000000005,0.0336828967959022,4.196615629869943,24.44392260365045
9716.64,0.03407254753402035,4.196380139722371,24.439326774688237
9737.797000000006,0.03368862065675234,4.196587071094831,24.44101951496091
9758.937000000005,0.0360937710302279,4.196544076364028,24.43601242592011
9780.327999999994,0.03719818161221258,4.196572871369353,24.43087955223364
9801.406000000003,0.03362901525540519,4.19646287601149,24.439421798457442
9822.875,0.03359680314445408,4.196726212610798,24.43933672881238
9844.14,0.032793090566612365,4.19683901886239,24.42861580092831
9865.702999999994,0.0353646491579766,4.196864145196165,24.424351052020867
9887.265,0.031586613919659494,4.196718880981652,24.42000081339675
9908.64,0.0330358829294368,4.196720575922264,24.417810896438844
9930.172000000006,0.034354984531263635,4.197044118722484,24.418631066287567
9951.922000000006,0.031038220723390415,4.197053259334576,24.41996859804527
9973.797000000006,0.03204578621925262,4.197194123554687,24.416302582071715
9995.64,0.03207219008267919,4.196943615639166,24.412460729943152
10017.483999999997,0.03155505249909994,4.196904744625112,24.40445873410908
10037.327999999994,0.03583059577796399,4.197109568197767,24.409879293347053
10057.156000000003,0.03194762915832915,4.197051122795136,24.404847309586497
10076.797000000006,0.032966409610995125,4.196970117694051,24.40168331831465
10096.358999999997,0.03105635134640843,4.197104970813612,24.40736932486721
10116.342999999993,0.03432623823894402,4.196989866452195,24.402275342523275
10136.342999999993,0.02587110136627856,4.196195450690262,24.397709823393996
10156.375,0.024290441524646298,4.196105830289179,24.387290278231127
10176.5,0.020600756177726685,4.196091709911844,24.392599530296632
10196.437000000005,0.025018450405520396,4.196401375978471,24.39807213037362
10216.687000000005,0.027044146556166902,4.196008158194499,24.398815722044617
10237.0,0.022370322201686953,4.196115841150195,24.39422022835014
10257.39,0.023179419928336033,4.19619472494218,24.401459536558008
10277.717999999993,0.02158766573141087,4.196038943080819,24.39403133078112
10298.172000000006,0.02306779577183422,4.19605973740882,24.39739060689336
10318.547000000006,0.022762868730850646,4.195912045440644,24.397023139706974
10339.077999999994,0.022413922999956693,4.19588010529213,24.38699092305738
10359.625,0.023115055205788722,4.19601881778641,24.37841373960281
10380.14,0.021983401031193634,4.1961812206508675,24.38002287000978
10400.733999999997,0.023848869483236737,4.196268428346348,24.38180671625762
10421.375,0.022617637399913963,4.196128939354251,24.3753827598937
10442.108999999997,0.021488319825573903,4.196191318821565,24.376776759907052
10462.717999999993,0.024571176412259893,4.196084337809782,24.37709325320667
10483.483999999997,0.023038750914100944,4.196261670521948,24.37137136599076
10504.327999999994,0.022441552025989565,4.19644635209116,24.374922234644064
10525.14,0.02255968079130231,4.1961017929419695,24.37272784452032
10546.062000000005,0.022338838362757796,4.1960530334999175,24.366657088256005
10566.687000000005,0.025485373142699528,4.196227721106007,24.373447892478048
10587.64,0.020491944029497715,4.196283239445439,24.37105159777794
10608.781000000003,0.021127112399083967,4.196353612827796,24.368390491236127
10629.89,0.02097394871006972,4.196211125912455,24.372322356817698
10651.125,0.021821641353782277,4.196478825035822,24.371771877146728
10672.437000000005,0.020624210857255288,4.1962224695403165,24.37098502982523
10693.672000000006,0.021281543538255596,4.196119054026003,24.371028814450057
10715.077999999994,0.020956252787591445,4.1962913730360185,24.370166658251772
10736.483999999997,0.022606886433104934,4.196271977537064,24.359926850380607
10758.031000000003,0.01933923082685816,4.196366957996232,24.370379233176667
